,1946,1947,1948,1949,1950,1951,1952,1953,1954,1955,1956,1957,1958,1959,1960,1961,1962,1963,1964,1965,1966,1967,1968,1969,1970,1971,1972,1973,1974,1975,1976,1977,1978,1979,1980,1981,1982,1983,1984,1985,1986,1987,1988,1989,1990,1991,1992,1993,1994,1995,1996,1997,1998,1999,2000,2001,2002,2003,2004,2005,2006,2007,2008,2009,2010,2011,2012,2013,2014,2015,2016,2017,2018,2019,2020,2021,2022,2023,2024,2025,2026,2027,2028,2029,2030,capital
33188574a_metr,6.0,7.0,1.0,4.0,5.0,106.0,15.0,6.0,30.0,5.0,9.0,13.0,7.0,10.0,11.0,16.0,13.0,12.0,9.0,14.0,17.0,13.0,38.0,7.0,45.0,7.0,3.0,8.0,2.0,16.0,3.0,9.0,21.0,6.0,6.0,9.0,2.0,1.0,16.0,15.0,8.0,9.0,4.0,1.0,5.0,5.0,8.0,8.0,2.0,2.0,1.0,2.0,4.0,22.0,21.0,2.0,4.0,4.0,1.0,8.0,6.0,4.0,2.0,2.0,0.0,3.0,6.0,4.0,6.0,2.0,2.0,8.0,1.0,7.0,1.0,1.0,0.0,0.0,,,,,,,,Human
33188943a_metr,,,,,,,,,,,,,,,,,,,,,,,,9.9,10.3,11.6,11.4,10.9,12.4,12.7,12.4,14.0,13.9,15.0,14.4,13.7,13.9,13.1,13.2,14.3,12.3,12.0,11.5,12.0,11.5,10.4,9.7,10.3,10.9,10.1,10.3,8.8,8.2,8.1,8.5,7.6,9.3,7.3,8.0,7.0,7.6,7.1,7.0,6.2,6.2,5.8,6.0,6.0,5.6,5.7,5.2,5.6,5.7,5.3,5.4,5.5,5.1,,,,,,,,,Human
33188608a_metr,,,,,,,,,,,,,,,,,,,,,,,,,1694.0,1773.0,1722.0,1451.0,1372.0,1238.0,1188.0,1302.0,1268.0,1268.0,1246.0,1165.0,1192.0,1159.0,1101.0,908.0,1034.0,952.0,945.0,925.0,954.0,860.0,834.0,723.0,679.0,692.0,616.0,587.0,597.0,583.0,592.0,544.0,513.0,546.0,510.0,409.0,370.0,384.0,357.0,349.0,327.0,320.0,339.0,269.0,243.0,253.0,216.0,230.0,233.0,187.0,227.0,200.0,241.0,236.0,,,,,,,,Human
33188943b_metr,,,,,,,,,,,,,,,,,,,,,,,,27.5,29.9,28.3,30.5,29.4,31.2,34.5,33.6,35.2,35.1,34.9,36.8,33.6,34.6,36.4,35.1,34.3,31.6,33.7,30.8,31.0,29.9,32.3,29.5,28.3,29.6,28.1,27.8,26.2,26.8,24.1,24.8,23.5,24.2,20.0,19.9,20.1,18.9,19.6,17.8,19.3,16.5,17.0,16.6,16.9,15.8,16.6,15.5,15.6,14.3,14.6,13.7,13.9,13.0,,,,,,,,,Human
33188939a_metr,,,,,,,,,,,,,,,,,,,,,,,,18.2,19.5,19.4,20.3,19.5,21.1,23.0,22.3,24.0,23.9,24.4,24.9,23.0,23.7,24.3,23.6,23.7,21.4,22.3,20.7,20.9,20.1,20.7,19.1,18.8,19.6,18.5,18.6,17.1,17.1,15.7,16.3,15.1,16.3,13.3,13.6,13.3,13.0,13.0,12.2,12.5,11.1,11.2,11.1,11.2,10.5,11.0,10.2,10.4,9.9,9.8,9.4,9.6,8.9,,,,,,,,,Human
33188608b_metr,,,,,,,,,,,,,,,,,,,,,,,,,18314.0,18785.0,18892.0,16678.0,15720.0,14534.0,13735.0,14926.0,14505.0,14629.0,14782.0,14363.0,14361.0,14894.0,13656.0,12823.0,12703.0,12396.0,12255.0,11939.0,11182.0,10052.0,7844.0,7149.0,6740.0,6933.0,6177.0,6166.0,6213.0,6299.0,6191.0,6194.0,5931.0,5862.0,5528.0,5059.0,5066.0,5235.0,4780.0,4708.0,4458.0,4437.0,4202.0,4129.0,4043.0,3830.0,3785.0,3654.0,3873.0,3639.0,3793.0,3933.0,4002.0,4096.0,,,,,,,,Human
33188819a_metr,,,,,,,,,,,,,,,,,,,,,,,,,,,46.5872365339578,240.803302225413,68.1945716154349,340.382812500001,39.8579819277109,538.710588935159,1102.54281930547,94.1335227272727,48.8032495903879,96.0426923076924,72.296723300971,91.2910183875531,170.146243701328,82.0210363153233,189.823186813187,1863.83611351819,186.77552105487,20.8011340206185,394.549002347419,157.244179600887,77.2745115452931,1105.73237620358,253.648568019094,99.4106664434026,40.4730897009967,229.212396694215,49.9219679444812,790.582377049176,818.357537120722,90.8963326941516,391.432835820896,81.2006942253076,53.7799780839073,3268.84091120051,80.0086497244337,759.21964285714,24.1729228486648,27.4178347748285,65.2897659952605,124.265625,40.9344689080631,131.572674418605,105.960259469132,155.7592760181,103.250454545455,184.451627486438,215.531277993431,86.7038827729843,42.2112676056339,470.696737187112,45.5359316140249,72.61,,,,,,,,Economic
33188669a_metr,,,,,,,,,,,,,,,,,,,,,,,,,,,,,,,,490.0,492.0,491.0,475.0,501.0,504.0,501.0,489.0,480.0,471.0,477.0,471.0,475.0,468.0,455.0,469.0,418.0,425.0,414.0,402.0,406.5,409.0,404.0,405.0,391.0,399.0,401.0,380.0,370.0,355.0,345.0,347.0,338.0,325.0,325.0,316.0,309.0,300.0,307.0,299.0,300.0,304.0,294.0,296.0,286.6,287.49,,,,,,,,,Natural
33188685b_metr,,,,,,,,,,,,,,,,,,,,,,,,,,,,,,,,,,,18.1743974566441,18.9419820029365,19.6551467855816,19.774321880651,19.7972991708954,20.3529894650431,20.4389446023489,20.7667266567859,21.0308517508138,21.4982217147657,21.0955388370279,20.5051170028129,20.5482882388715,20.8647216155866,21.2196624058922,21.0427373381023,20.8735725258106,21.2368331634387,21.053189859394,21.5763604447045,22.2389978650373,22.2247745936944,23.0660673837506,22.9832871984341,23.3394503883753,23.4803581383178,23.7319460606475,24.2300660947827,23.8270728381287,23.8637673807273,23.7657763104137,24.9698174845537,24.2257571262295,23.7716779091253,24.9689216100416,24.9251141118296,24.4649816798525,24.6877968128892,24.8902588212718,24.6062474606247,26.7812316402286,26.2813426460982,26.8287902150903,26.3000846960714,,,,,,,,Natural
33188685d_metr,,,,,,,,,,,,,,,,,,,,,,,,,,,,,,,,,,,7.37945552707328,8.50572039134164,8.32850241545894,7.87703435804702,8.57111166569614,8.57162402517444,8.02810103501904,8.02059072623333,7.4262971309585,7.38874233893723,8.33102684749516,8.56424681309474,7.93813572459188,8.10492479081295,7.815190477986,8.07749118031226,8.21058146873549,7.63676520557255,7.49348827890202,7.28028086600351,7.531346206018,7.70688566013898,7.76063470227577,8.0552692231964,8.02950036356082,8.25947963002992,8.5381157733817,8.67552618009656,9.02503071080006,9.22706205179053,9.79649525744509,9.70456643704282,10.0965378734281,10.6369242414123,10.6825176513186,11.1758273107646,11.864921001657,12.3263094944947,12.4469284463528,13.0016013001601,14.3326390001602,14.9879403045073,14.5140213783551,14.9078115838165,,,,,,,,Natural
33188685c_metr,,,,,,,,,,,,,,,,,,,,,,,,,,,,,,,,,,,4.3491958928239,4.85106630420561,5.32590115198811,5.7750452079566,6.2959265729418,6.52072786974962,6.56673995817022,6.98973110311243,7.09023577010767,7.72077640852002,8.07186171149636,8.61930696032078,9.05784572089529,9.80664000196305,9.88776189937534,10.5714181081312,11.063743644093,10.813795446823,10.8501184485014,10.919836161498,11.0404699276944,11.1893412967323,11.2946645636422,11.621361809569,11.9755779462853,12.148033538493,11.9458324776964,12.0083907561056,12.3023520528338,12.0829201927733,12.830847034661,12.3653623085482,13.074833968551,13.4720274271466,12.9575764890471,13.450931913275,13.7074377465052,13.969113870616,13.4975653049965,13.7950813795081,15.1124285637985,15.401236118788,13.3013616287275,12.330444980129,,,,,,,,Natural
33707231a_metr,,,,,,,,,,,,,,,,,,,,,,,,,,,,,,,,,,,52.9379537049719,51.2322110378341,49.2063492063492,47.6512533999853,47.865727310402,46.4136918539289,44.3517758160542,41.991735331458,42.2671002338981,41.7054652432684,41.9989276628801,41.8711795286936,40.6471213769995,39.0610355152495,40.0679486818882,39.7048768628149,37.5872864750549,39.0954446481589,39.37622542465,40.2176267278259,42.2017818940506,41.531121772784,39.9497384902746,38.8837631550586,40.0412768942264,39.2487104379698,40.0903100866234,38.6295012091973,39.0608503400143,35.907605042964,36.7072297712255,36.9111050053404,36.21572054167,37.307898910178,37.8611205730284,38.5736711554054,39.1896126285357,36.9279773332321,36.8127531820687,37.2008414127324,36.7114661290604,37.4998120192399,37.7164585755046,37.8109061092093,,,,,,,,Natural
33188685a_metr,,,,,,,,,,,,,,,,,,,,,,,,,,,,,,,,,,,70.0969511234587,67.7012313015162,66.6904496469714,66.5735985533454,65.3356625904667,64.5546586400328,64.9662144044618,64.2229515138683,64.45261534812,63.3922595377771,62.502830687165,62.3125261834939,62.4557303156414,61.2224866880966,61.0773852167465,60.3083533734543,59.8521023613608,60.3113926508422,60.6043820052565,60.2223522527794,59.1891860012503,58.8778498822719,57.8786333503315,57.3389235704937,56.6554713017786,56.1109910237887,55.7852465375225,55.0860169690151,54.8455443982374,54.8262503747089,53.6068813974802,52.9602537698554,52.6028710317913,52.1193704223157,51.392191177358,50.4493153290224,49.9626595719853,49.0167798220002,49.1652474273789,48.597069859707,43.7737007958126,43.3294809306065,45.3558267778271,46.4616587399831,,,,,,,,Natural
33188670b_metr,,,,,,,,,,,,,,,,,,,,,,,,,,,,,,,,,,,707.29,682.25,636.03,696.92,734.13,771.33,834.05,773.32,780.58,805.81,860.77,862.91,867.42,798.93,826.2,821.64,882.19,877.05,904.83,840.85,856.28,910.26,907.37,895.27,906.62,915.22,956.6,873.56,926.56,935.88,897.74,877.61,873.91,905.31,844.88,811.51,816.01,812.73,804.86,841.22,741.41,702.01,742.18,737.73,,,,,,,,Economic
33188670a_metr,,,,,,,,,,,,,,,,,,,,,,,,,,,,,,,,,,,156.91,169.25,174.18,170.74,155.36,165.34,169.66,176.34,178.68,157.15,166.76,180.34,181.96,196.09,206.32,197.61,180.76,197.03,198.21,225.23,217.65,236.58,216.61,219.59,215.54,211.23,215.6,229.31,239.53,238.77,247.78,231.02,261.95,265.1,260.82,261.05,257.94,262.06,263.94,281.21,283.15,291.3,265.17,298.59,,,,,,,,Economic
33188856a_metr,,,,,,,,,,,,,,,,,,,,,,,,,,,,,,,,,,,2.832,2.948173,3.027215,3.118793,3.327757,3.407772,3.569063,3.715015,3.891126,4.062358,4.100501,4.131204,4.126675,4.172465,4.193045,4.2419,4.278604,4.326423,4.371583,4.557445,4.73082,4.793675,4.936102,4.9157,4.89637,4.940006,5.33001,5.464665,5.653459,5.461285,5.567945,5.475775,5.579536,5.712413,6.005711,6.025737,6.060132,5.996258,6.015645,6.081901,6.100664,6.134005,5.940211,,,,,,,,,Natural
33188851a_metr,,,,,,,,,,,,,,,,,,,,,,,,,,,,,,,,,,,19.138418079096,20.6288097747317,21.7102187984666,22.4058794540067,22.4703005658166,23.4103690035601,23.7895212272801,24.8993611062136,25.9854345503075,26.6435897574758,28.5453167795838,30.2866670345981,31.6641121484003,32.8933855646482,36.5616157231797,38.7067116150781,41.3360058561157,42.2155438800136,43.7274781240571,42.9504909000547,45.2526200531832,46.5962961610873,46.7190912991668,47.5151046646459,48.7375341324287,50.6073474404687,50.0939022628475,50.9576524818996,49.9421504604526,51.2935142553447,50.430544841948,50.1440435372162,49.9958419481477,50.9839362104946,53.5442181616798,52.7028809919849,52.4762826948324,52.4703573461982,52.4573009211814,52.9752292909733,52.7920239501799,52.2334918214119,52.1902504810014,,,,,,,,,Natural
14711940a_metr,,,,,,,,,,,,,,,,,,,,,,,,,,,,,,,,67.03876025948637,75.6313922746586,71.53877223996575,70.74289662867646,69.12960717972297,,61.39345976241633,65.25938830758378,62.29080184291814,82.94304031423884,99.0816885180336,89.31301764907863,59.02079092991298,69.78863655096175,68.77710300000001,80.42733846646831,74.9919473901099,87.03961397100787,75.44819179999999,55.538828,51.49289800000002,51.98820950000001,73.29031932631007,60.3440391,67.2328027,60.77716169999998,35.0453833,47.64191889999999,45.48839523,58.94404657000002,55.03330379000001,47.11239020000001,44.14250377999998,48.62318431000001,37.42371642,50.94173854,57.14794199999999,47.59037178,40.75708699999999,50.6862472,40.8776912,42.739034,,,,,,,,,,,,,Natural
33707243a_metr,,,,,,,,,,,,,,,,,,,,,,,,,,,,,,,,,,,,,,,,,,,,,0.299918148586005,0.34087395956178,0.433464233251456,0.308874902602981,0.348343553997031,0.325487788902035,0.319196409374913,0.318738357774387,0.307114766444822,0.335680993117349,0.325935481644152,0.332159860307005,0.31742517478571,0.36175796157253,0.386251683857088,0.421811427053493,0.37544581119441,0.370773203817964,0.421643882672022,0.441732705756162,0.393002651702629,0.458420062292422,0.467565063507081,0.45503582494042,0.49387370405278,0.507846552974513,0.532243639725455,0.452783866725121,0.439163935048633,0.439342496237432,0.491318266579052,0.49994633562631,0.560743250857087,0.601919472592299,,,,,,,,Economic
33188545a_metr,,,,,,,,,,,,,,,,,,,,,,,,,,,,,,,,,,,,,,,,,,,,,25.987855922619,28.0001031258322,32.4028515510317,36.8805234372897,39.0634685760508,41.1853048272544,42.9749954264745,45.103513269457,47.1968898197667,44.7361202250409,43.6522092459284,42.4760580202466,46.0045976484175,46.4062446384837,45.7297119446736,43.4023834891027,38.2782559874223,34.263841780208,32.1026286041321,30.6579165628915,29.2075093466945,28.5161762180141,29.2124351269932,29.1419593873875,29.3153865037866,28.8093004139174,27.7063881121135,28.058526398631,26.1373615903882,25.5540247256157,28.2113794507855,26.9946217184658,25.8963595479682,25.9629043043254,,,,,,,,Economic
33188694a_metr,,,,,,,,,,,,,,,,,,,,,,,,,,,,,,,,,,,,,,,,,,,,,112.179014212998,116.842627566052,115.643454146824,110.933213703977,107.047713917003,109.260936415788,111.412522335659,108.619037831828,111.361598497526,111.11104814063,109.136521497479,112.163905627795,108.1280642262,110.850749323287,110.891025891246,111.765785523015,110.410793908602,105.895288799128,108.436442038328,104.846539695129,108.281917994036,98.8826649013358,101.594438949954,103.057878062603,93.2442106411088,93.444797115877,93.9144543619192,92.2859843370148,88.8580029736559,88.4663625535058,83.4378274950812,87.7894947595889,80.637336299411,78.587531569837,,,,,,,,Human
33188760b_metr,,,,,,,,,,,,,,,,,,,,,,,,,,,,,,,,,,,,,,,,,,,,,,2.9627630978,4.7989289085,6.8923759441,5.4261977658,5.3751049157,5.2053201004,7.9588440819,4.7065627402,5.6440808884,5.6166548515,5.7524002956,7.1450007543,8.2867346576,8.0361099741,8.4584408119,7.9226558794,6.8127427542,6.6668091102,7.9412171473,7.2936567875,7.1034336125,6.0559032614,6.5984265318,8.0050187079,7.8304300293,6.696769838,6.5624537792,6.6985684219,8.2822875414,10.0344449088,7.7069979155,6.2068815995,6.4043353009,5.2166243641,,,,,,,Human
33188575a_metr,,,,,,,,,,,,,,,,,,,,,,,,,,,,,,,,,,,,,,,,,,,,,15.93,16.85,18.42,19.83,20.1,20.51,21.14,21.95,21.91,21.97,21.42,21.86,23.0,23.86,23.95,23.79,22.9,22.23,21.75,23.66,23.32,23.35,23.78,24.39,24.48,25.19,25.58,25.92,25.41,25.98,29.65,27.92,26.66,26.93,,,,,,,,Social
33188880a_metr,,,,,,,,,,,,,,,,,,,,,,,,,,,,,,,,,,,,,,,,,,,,,1.16954715548335,0.474174353120895,0.644209998346697,0.688787280976436,0.733345329207485,0.774708876592131,0.707515101865143,0.774908885475456,0.848463359508263,0.833978425937238,2.00206287638463,0.659448449707301,0.718678589631699,0.901680381177903,0.929910083837069,0.964426838694635,0.967008323817042,0.964469400009786,0.959902433497611,0.958306389650057,0.96017879546376,0.837636064828478,0.799943733113957,0.765536804685659,0.754566550641238,0.681316015207995,0.664936265460531,0.705069686906927,0.764897835149619,0.679256423694171,0.709910127228578,0.759272803323656,0.785202574061953,0.74653283491628,,,,,,,,Natural
33188898a_metr,,,,,,,,,,,,,,,,,,,,,,,,,,,,,,,,,,,,,,,,,,,,,100.0,91.67,96.58,92.61,91.23,88.14,84.82,78.76,77.19,76.95,75.94,70.4,67.91,69.64,72.83,72.19,72.5,69.86,69.48,64.13,68.01,73.45,76.32,75.16,77.03,74.83,78.51,79.18,74.87,80.7,92.53,94.93,91.71,102.59,,,,,,,,Natural
33188698a_metr,,,,,,,,,,,,,,,,,,,,,,,,,,,,,,,,,,,,,,,,,,,,,15.8336320820166,16.1370315958554,16.1074133201982,16.9288181206542,17.2206613122683,16.6858080785136,15.8442076248426,16.4504231679515,16.0890667725785,17.3619537675371,16.9685514274706,17.7115748322625,17.3992398997156,17.4564481608402,17.5962858488483,16.7135948734524,16.9947798802686,18.7092018898757,18.9509502007406,19.3723959998991,19.8716413201798,19.3962945176475,21.2749317507006,21.4619505514027,21.744849683525,23.3068689573774,22.5907297317976,22.9577738873718,23.6866662959019,24.3085490848061,27.2883416277579,28.0059645064427,25.729160029296,27.9958129371888,,,,,,,,Natural
33188760a_metr,,,,,,,,,,,,,,,,,,,,,,,,,,,,,,,,,,,,,,,,,,,,,,3.4383286439,4.2528159393,5.8606247865,6.5449381394,5.5319225219,4.0502269908,3.8409485563,6.9981335786,5.6557586305,3.9073963731,5.4904522694,3.925244754,8.7215001671,7.3607283405,9.0830190412,7.4651795715,7.3924317377,7.3948930071,8.9538988716,7.7741147577,5.1310352174,6.3485243388,8.4388957198,7.6044640971,5.954780299,7.1141824448,7.1779906044,6.0494658756,3.9546072578,6.5950240386,7.6337152436,6.3843968149,6.3140239666,6.6611169844,,,,,,,Human
33188758a_metr,,,,,,,,,,,,,,,,,,,,,,,,,,,,,,,,,,,,,,,,,,,,,,3.1928748749,4.5335187597,6.3849365839,5.9768431254,5.450402685,4.6513370591,5.9948614669,5.772108983,5.6498804347,4.8062935686,5.6254451995,5.585559608,8.4975514109,7.7088621715,8.7614741444,7.7029882,7.0851621902,7.0187235209,8.4463962822,7.5237255409,6.1374139204,6.1974666634,7.4846276963,7.8109684732,6.9077943621,6.905961244,6.858416399,6.3883864321,6.1782250944,8.3984414406,7.6723763042,6.2925528626,6.3621176695,5.9086016846,,,,,,,Human
33188624d_metr,,,,,,,,,,,,,,,,,,,,,,,,,,,,,,,,,,,,,,,,,,,,,,29.515,26.405,24.975,22.235,22.83,26.495,26.785,21.77,19.675,18.84,18.675,20.34,24.3,19.7,19.11,22.565,18.95,17.745,17.35,16.325,16.295,14.42,15.385,11.66,13.22,11.5025,11.5525,13.07,11.14,9.98,10.875,12.15,9.86,,,,,,,,Human
33188624c_metr,,,,,,,,,,,,,,,,,,,,,,,,,,,,,,,,,,,,,,,,,,,,,,35.045,30.66,28.435,26.725,24.75,30.37,29.925,25.36,23.34,20.645,21.38,24.015,27.1,22.2,21.49,23.35,20.305,18.355,18.325,18.08,18.3,16.165,17.545,13.535,15.745,13.7055,13.6505,14.602,12.64,11.83,12.565,14.245,11.455,,,,,,,,Human
33188700a_metr,,,,,,,,,,,,,,,,,,,,,,,,,,,,,,,,,,,,,,,,,,,,,,56.4597062396335,57.057362897133,57.7400645805266,58.5592136269939,58.8020807030996,58.9530083662127,59.8324351179134,61.3544332459302,62.063313850084,65.047124584446,66.4295181450708,65.734208113837,65.9998665222551,67.5233491108462,69.6100721222642,73.5828854795034,77.6270067883066,79.9998436665357,77.5659047045963,79.5024282190282,80.3471645682087,80.4872798299135,80.922698748659,81.2854983904716,80.653760300695,80.9531790743627,80.9951995634431,83.3326499553714,83.59827199017,80.6444236366764,85.5951680272204,89.8100199272645,90.0267053616877,,,,,,,,Economic
33188724a_metr,,,,,,,,,,,,,,,,,,,,,,,,,,,,,,,,,,,,,,,,,,,,,,100.0,100.885004103242,101.80881053925,102.521836426965,104.350807833266,106.585269789594,109.763817049179,111.076345788646,110.585253194589,114.160393569168,116.781853365443,117.383424843709,116.825789558211,117.504486444851,120.212095433205,123.224807284316,125.603416422331,126.826777790888,123.983523351272,127.508172441023,126.778470146599,127.274908090906,129.625720545241,130.903242479987,130.039054915004,130.873906322107,132.972903260533,136.041887849812,136.797276205289,139.055504548862,142.653079832917,144.470209382705,142.935908685791,,,,,,,,Human
33188624b_metr,,,,,,,,,,,,,,,,,,,,,,,,,,,,,,,,,,,,,,,,,,,,,,38.735,37.96,35.065,32.2,29.945,31.335,33.855,29.99,28.08,28.485,27.59,31.245,32.7,27.7,28.15,28.09,24.435,22.45,21.385,20.035,21.735,19.2,18.33,14.665,17.4,15.271,16.483,16.378,13.975,13.715,14.415,15.695,13.035,,,,,,,,Human
33188602b_metr,,,,,,,,,,,,,,,,,,,,,,,,,,,,,,,,,,,,,,,,,,,,,6144.8,6272.8,5997.9,5726.0,5738.5,5524.0,5059.712,4883.9,4767.4,4447.6,4474.1,4255.1,4102.5,3955.9,3819.1,3678.0,3492.4,3382.3,3256.5,3243.9,2964.2,2930.5,2838.1,2824.0,2634.9,2702.5,2444.0,2561.9,2501.0,2353.5,2488.9,2461.0,2417.4,,,,,,,,,Human
33188873a_metr,,,,,,,,,,,,,,,,,,,,,,,,,,,,,,,,,,,,,,,,,,,,,55.0578215451659,56.9138372894525,56.6200268186414,53.9998108689677,52.9284552723539,53.7950179050419,54.4398589146845,53.2191756548825,54.7505242575694,54.5503212331838,53.8094103562539,55.3373233026551,53.7787459858048,54.8383159134735,55.4320298062246,56.0605477340017,55.734045182007,53.7956801754449,55.1894024770268,53.7075986125643,55.2929384388432,51.170866749762,52.4969032798714,53.3448940208563,49.4067096414148,48.8886525850749,49.1941695625635,48.2231800615948,46.7140976637912,46.4650249019653,43.7966818755842,45.1375829936138,41.6304223523114,,,,,,,,,Natural
33188582a_metr,,,,,,,,,,,,,,,,,,,,,,,,,,,,,,,,,,,,,,,,,,,,,7.67827220405804,7.64992659548951,7.55559367826136,7.45906709499982,7.43802520069367,7.43518743770349,7.33787178354416,7.11349417766821,7.06902241945603,7.00756759308097,6.97751189472293,6.99858672393425,6.91172713220389,6.79039840279179,6.77723181582668,6.85592333533213,6.87639020015065,6.90840282981908,7.00122615758461,6.89919991681313,6.91117389687991,6.85203329141142,6.87600653116117,6.74863321403386,6.83993356420462,6.74494560915746,6.73080872607876,6.70638000402536,6.60933732851585,6.511549793624,6.46743418035762,6.51462355077326,6.43297451239992,,,,,,,,,Natural
33188624a_metr,,,,,,,,,,,,,,,,,,,,,,,,,,,,,,,,,,,,,,,,,,,,,,57.305,49.08,46.7,41.035,38.3,42.5,39.26,35.18,33.48,28.745,28.955,32.015,35.5,30.1,30.53,34.28,27.68,25.35,24.95,23.53,24.135,21.27,23.69,17.49,19.755,18.0025,18.6075,18.5005,16.51,14.77,15.675,16.83,14.145,,,,,,,,Human
33188624e_metr,,,,,,,,,,,,,,,,,,,,,,,,,,,,,,,,,,,,,,,,,,,,,,18.565,16.855,14.335,13.555,13.575,16.2,14.175,11.525,11.91,10.625,11.32,12.78,14.9,11.6,11.415,11.025,10.61,9.655,9.43,8.525,8.705,7.595,7.81,6.945,7.65,6.3225,6.483,7.975,6.72,6.775,7.36,8.25,6.93,,,,,,,,Human
33188602a_metr,,,,,,,,,,,,,,,,,,,,,,,,,,,,,,,,,,,,,,,,,,,,,2846.2,2883.6,2773.5,2819.5,2744.9,2709.4,2530.479,2489.5,2326.7,2353.2,2270.9,2212.1,2213.9,2091.8,2059.4,1975.7,1973.6,1902.9,1782.7,1762.2,1732.7,1688.6,1616.8,1575.2,1516.6,1521.0,1506.0,1412.4,1508.3,1361.3,1402.1,1379.8,1421.5,,,,,,,,,Human
33188590a_metr,,,,,,,,,,,,,,,,,,,,,,,,,,,,,,,,,,,,,,,,,,,,,125.782697037952,133.671291991373,130.902521558519,113.823586202028,111.827362324637,116.75427888793,117.769582078321,95.1487980660314,100.200591339753,104.603224895469,96.810840490584,103.976677826659,100.470801869336,119.408960011097,97.384990140411,93.2242622036528,108.586600757009,102.474027565021,96.7973841857975,92.2782650116639,103.466304669028,88.2649647202635,90.695313047275,103.282873831791,97.6188792970108,104.156623681835,104.803192006096,92.0175282939357,100.619900388376,90.2136041084835,82.530063861458,100.574204974604,93.8255350223246,,,,,,,,,Natural
23567403a_metr,,,,,,,,,,,,,,,,,,,,,,,,,,,,,,,,,,,,,,,,,,,,,114.0,116.0,116.0,117.0,120.0,122.0,123.0,125.0,126.0,128.0,129.0,129.0,130.0,133.0,135.0,136.0,138.0,141.0,144.0,146.0,147.0,149.0,155.0,156.0,161.0,162.0,165.0,168.0,169.0,172.0,174.0,,,,,,,,,,,Natural
33188763a_metr,,,,,,,,,,,,,,,,,,,,,,,,,,,,,,,,,,,,,,,,,,,,,,,,,852.0,1292.0,1433.0,1714.0,1996.0,3413.0,4308.0,5807.0,8192.0,7669.0,7151.0,6835.0,8020.0,7130.0,7510.0,7997.0,11513.0,14825.0,15807.0,16519.0,17781.0,19165.0,22956.0,24959.0,23854.0,26832.0,20144.0,29050.0,33936.0,42318.0,,,,,,,,Economic
33188513a_metr,,,,,,,,,,,,,,,,,,,,,,,,,,,,,,,,,,,,,,,,,,,,,,,,,,24.6550730526639,24.2322125704782,24.6856461872795,25.9143990021021,26.231852868764,26.4384326498806,25.6583170732557,25.9471201856558,25.8307747621751,26.5402322013311,26.6819769338276,26.8183299307151,27.102490086567,26.477323597716,25.1925947331632,25.2808039478346,25.533225779732,26.4372132147976,26.2621882093986,26.28964424748,26.4112041843016,26.5586728368126,27.1285508752359,26.5820078084979,26.5179492640464,26.7346864547826,26.0038215797748,25.2132988817752,25.0704640919342,,,,,,,,Economic
33188729a_metr,,,,,,,,,,,,,,,,,,,,,,,,,,,,,,,,,,,,,,,,,,,,,,,,,,,50.6050315,50.7029271,51.6872068,51.8903345,51.762425,52.915827,53.9331232,53.6669852,52.7444067,53.0967538,53.857776,54.2594844,55.0854086,55.5888494,54.108871,55.3241469,55.7206102,56.2267701,56.7287547,57.8123025,58.3795389,58.5202122,58.9392309,59.847209,58.4888101,59.4299479,60.3214326,60.7694326,61.5199823,,,,,,,Human
33188931a_metr,,,,,,,,,,,,,,,,,,,,,,,,,,,,,,,,,,,,,,,,,,,,,,,,,,6.0,,5.5,5.8,6.5,6.3,6.9,6.5,6.4,6.4,6.3,6.0,6.3,6.5,6.5,5.9,5.9,6.8,6.7,6.7,7.0,7.0,7.1,7.0,7.1,7.1,7.3,7.3,7.3,7.1,,,,,,,Social
33188518a_metr,,,,,,,,,,,,,,,,,,,,,,,,,,,,,,,,,,,,,,,,,,,,,,,,,,10.64378566915,10.4769669309522,10.9240191923653,9.73974550167373,9.73905589044144,9.66599042484804,10.1227291894751,10.5701925887205,10.3047725876012,10.1473578850452,10.2909495837251,10.5006313430986,10.8084782626506,10.712965964414,10.8437081938979,10.3942372643551,10.9307882698653,11.0072417648288,11.210881993913,11.1298494461448,11.1590108240947,10.8777647759899,10.8637130902599,10.6356357170873,10.8131385436818,11.5868903609493,11.5570752888286,11.9392278498585,,,,,,,,,Natural
33707221a_metr,,,,,,,,,,,,,,,,,,,,,,,,,,,,,,,,,,,,,,,,,,,,,,,,,,,,,17.1462394188045,17.2874023718447,17.1815041507562,17.8281181264496,18.444255989093,18.7167823893014,18.9152756067849,19.9169038633357,20.0974352206069,20.619387422151,20.3790175633053,20.5212631281172,20.6037546455572,20.7383053197791,20.4090833103182,20.3530276695803,20.5566256102591,20.6429027249329,20.6002464689602,20.3573046032106,20.0229077369007,20.7045481484992,17.5757349281033,17.6733622912627,20.8184851811695,22.5364318095434,,,,,,,,Natural
33707241a_metr,,,,,,,,,,,,,,,,,,,,,,,,,,,,,,,,,,,,,,,,,,,,,,,,,,,,,,368.455492455131,446.593601675619,407.265447717569,383.923274017477,532.419800178275,510.090018136316,512.785988117826,534.282739738211,568.387928674972,551.738116633254,777.308764826022,617.703827753016,719.931090776167,684.546428228284,752.420902414981,774.529063958044,869.594126276383,883.950526066366,908.577170400889,919.882020437759,938.89586681345,958.016669449502,996.127184318175,949.695498355261,1039.22163684309,,,,,,,,Economic
33707241b_metr,,,,,,,,,,,,,,,,,,,,,,,,,,,,,,,,,,,,,,,,,,,,,,,,,,,,,,15.649275,16.822184,7.645586,10.765524,15.113209,21.006459,16.352708,13.367067,16.124281,17.13154,12.773139,30.873678,21.126569,23.193714,29.526242,33.041507,32.465789,39.87734,37.741977,31.658782,36.940384,36.303169,45.078843,37.28143,26.185988,,,,,,,,Economic
33188804a_metr,,,,,,,,,,,,,,,,,,,,,,,,,,,,,,,,,,,,,,,,,,,,,,,,,,,,,,,59.3524338267915,59.5092162114957,58.7035269646202,57.7266826385546,59.14760434445,61.675931528677,61.4883189930219,63.981354265532,70.2367885337091,65.3096815734397,72.2493406844397,66.2049739676489,62.220133682741,65.2414543355911,78.3337292659009,79.729009895954,76.6354877121148,78.8192811299995,77.9528700214747,76.628548473768,76.9,74.0,78.0903491499711,77.1360297683523,,,,,,,,Economic
33188804b_metr,,,,,,,,,,,,,,,,,,,,,,,,,,,,,,,,,,,,,,,,,,,,,,,,,,,,,,,67.7009533786639,62.1115025194523,60.9142245008303,65.4373582444849,66.9425411183385,69.6819417652688,61.3903535009871,87.1030759411091,72.7675337083673,74.6266429314634,79.1074226882199,84.7791189080071,55.2725725092646,58.4753555099901,92.4392474899271,90.9595799800959,91.1961923984334,85.8305977939815,86.1828875282583,86.5169091122514,88.1,83.8,83.8803610985686,83.1057116326505,,,,,,,,Economic
33188881a_metr,,,,,,,,,,,,,,,,,,,,,,,,,,,,,,,,,,,,,,,,,,,,,,,,,,,,,,,5.0,5.52,5.52,5.59,5.63,5.63,5.63,5.67,5.67,5.73,6.22,6.22,6.23,6.23,6.23,6.24,6.25,6.6,6.6,6.6,6.6,6.712,6.712,6.712,,,,,,,,Natural
33188593b_metr,,,,,,,,,,,,,,,,,,,,,,,,,,,,,,,,,,,,,,,,,,,,,,,,,,,,,,,3.06996417750576,3.67951913665158,3.71936677261232,3.76458907992422,4.55000408352636,4.78513602652824,4.80698249275201,4.87992919896574,4.8929745630732,5.06786376646997,5.35664471680585,5.92041592546381,6.11981610809963,6.66577010630708,6.90528310528878,6.28689074813164,6.97857180249305,7.96953067785878,9.67008704367735,11.4068497270906,13.6765349301142,15.9917518241016,17.680600767667,19.2478100404767,,,,,,,,Natural
33188696a_metr,,,,,,,,,,,,,,,,,,,,,,,,,,,,,,,,,,,,,,,,,,,,,,,,,,,,,,,37851.0,42261.0,36513.0,36445.0,35117.0,32759.0,32557.0,36373.0,37559.0,37136.0,37450.0,33795.0,39906.0,39572.0,39308.0,39486.0,36326.0,36666.0,37428.0,40556.0,40616.0,39500.0,33501.0,40780.0,,,,,,,,Natural
33188686a_metr,,,,,,,,,,,,,,,,,,,,,,,,,,,,,,,,,,,,,,,,,,,,,,,,,,,,,,,846.6,892.3,929.2,953.3,994.6,1045.0,1174.0,1223.5,1284.2,1305.7,1402.2,1622.8,1913.9,2196.8,2613.5,2830.5,3168.0,3653.6,3877.6,4185.6,4710.2,4977.7,6012.3,6798.2,,,,,,,,Natural
33188593a_metr,,,,,,,,,,,,,,,,,,,,,,,,,,,,,,,,,,,,,,,,,,,,,,,,,,,,,,,9.98772489711389,11.3579466032796,12.4334585750857,13.2034214688526,13.8768155574928,14.2019135272095,14.2723383581331,14.105430914629,13.7822671722642,13.4716529776829,13.3456985925585,13.7395930066548,14.3569614844592,15.1138676981568,15.7200337799551,15.9305393697316,16.3750578870918,17.3178200264447,18.4586629738063,19.2167846899637,19.9452838452368,20.3117848183867,20.7682699144885,21.0037126845366,,,,,,,,Natural
33188593c_metr,,,,,,,,,,,,,,,,,,,,,,,,,,,,,,,,,,,,,,,,,,,,,,,,,,,,,,,2.18975138052427,2.41225948385386,2.59511398183216,2.73653029658454,2.81943965274375,2.99858475771485,3.02778298609196,3.05273912255441,3.08449322606543,3.18716591909037,3.36142746903962,3.84587290162777,4.21713422934664,4.57220234093641,4.93797450378864,5.24165373040539,5.82807575323159,6.94299536118482,7.71649233915217,8.71954079758569,9.32479954792434,9.8368345385846,10.2279499580658,10.7193053146799,,,,,,,,Natural
33188583a_metr,,,,,,,,,,,,,,,,,,,,,,,,,,,,,,,,,,,,,,,,,,,,,,,,,,,,,,,7.71550607940852,8.77246955604155,9.59478218352506,10.223481035064,10.7611807307182,10.9956388134059,11.0604812368619,11.0012977492139,10.7866746098439,10.6173409560939,10.6027822769225,11.0459703785288,11.5874301400381,12.2046933429183,12.7439703906665,12.9213382524727,13.4052761427901,14.3797647131982,15.40899454703,16.2883910887755,16.9866833494742,17.4121997157066,17.882192095952,18.2342932327457,,,,,,,,Natural
33188818a_metr,,,,,,,,,,,,,,,,,,,,,,,,,,,,,,,,,,,,,,,,,,,,,,,,,,,,,,,2875.8,3069.9,3178.3,3688.9,3899.9,4138.4,4639.3,4953.5,5074.7,5351.2,5604.749866953,6058.34748122699,6446.258050116,6592.76681669929,6778.486917469,6968.13111731504,7109.7704355678,7226.60939163965,7269.34670117692,7495.70913428274,7048.24233182467,7290.71480055222,7778.95299831019,8271.16713175073,,,,,,,,Economic
33188823a_metr,,,,,,,,,,,,,,,,,,,,,,,,,,,,,,,,,,,,,,,,,,,,,,,,,,,,,,,20.1014699824582,20.8444904768692,20.332463309255,19.6223892397986,19.6806802952513,19.768555295155,19.9669154799982,20.2690811626187,20.2540691296422,20.2503342092501,18.3696307832492,19.673891315367,18.9801132819413,19.1938345560185,18.2291822758719,18.3584341236598,18.8736437813114,18.2315444740256,17.3264255246101,16.9875793504083,16.1620536696631,15.595854458453,15.9254776714896,,,,,,,,,Natural
33188726a_metr,,,,,,,,,,,,,,,,,,,,,,,,,,,,,,,,,,,,,,,,,,,,,,,,,,,,,,,144.812095334478,151.240389861967,148.708647771785,144.502178475485,145.934251818678,147.456184321639,149.926356974366,153.913146193858,155.993923850549,157.665173588385,144.571455794696,156.49915563848,152.582269480323,156.230730761039,150.165915041752,152.872994110415,158.907587498941,154.678793418415,148.04611070852,146.195668479732,140.12985393208,136.288912578839,140.389216983085,,,,,,,,,Human
29946667a_metr,,,,,,,,,,,,,,,,,,,,,,,,,,,,,,,,,,,,,,,,,,,,,,,,,,,,,,,2.25842759546266,2.32594344817328,2.56288038781818,2.62096656228112,2.62571580023682,2.84392461495387,2.83569547828773,3.01278692842118,3.22863527353231,3.55038363193311,4.04352232376918,4.27530815363551,4.68102980083462,4.81125128730703,4.58080409173974,4.65537625681354,4.46584554799509,4.42984137131625,4.07369767173086,3.89237589904345,4.04366829807557,4.03368838157393,3.98598309203724,,,,,,,,,Economic
33188757a_metr,,,,,,,,,,,,,,,,,,,,,,,,,,,,,,,,,,,,,,,,,,,,,,,,,,,,,,,100.0,102.818979548033,101.171880031746,98.3419278609706,96.7038774569541,95.0974967017254,92.9059193641649,91.7819164321264,90.4820114303484,93.6017790771265,83.1320705924363,88.3882114148726,85.1716273837894,85.6728228924234,80.4564074285847,80.5815490956497,82.0648037504867,78.8069426736138,73.3301045560811,71.5959318664573,70.1272822148124,64.6128720371764,64.5905979969917,,,,,,,,,Natural
28325038a_metr,,,,,,,,,,,,,,,,,,,,,,,,,,,,,,,,,,,,,,,,,,,,,,,,,,,,,,,100.0,104.130825943901,92.901488233801,88.8260856114932,88.5314666829577,89.5614032237023,91.0002564291381,86.62041763481,80.6954825204205,77.8645627730975,82.7043148829802,82.6541453397445,83.8620269189439,84.1053582936999,77.539853333257,76.5040251099007,78.2327164831626,71.0366938203187,72.7447443395828,72.162034605656,66.5344795139814,69.3653505615689,,,,,,,,,,Natural
28325089a_metr,,,,,,,,,,,,,,,,,,,,,,,,,,,,,,,,,,,,,,,,,,,,,,,,,,,,,,,17.1383563908278,18.1261845003589,16.0312660434092,15.3520584426675,15.2130817481116,15.905466238192,16.3914303153298,15.501223396824,14.6358572706566,14.2371669610547,14.9824083749745,15.4788199155185,15.4523413608229,15.2022463827749,14.1285751904317,14.056954715667,14.3869647284634,13.1652714463886,13.5414809384421,13.5990811176873,12.3834607166997,12.7898844251115,,,,,,,,,,Natural
33188793a_metr,,,,,,,,,,,,,,,,,,,,,,,,,,,,,,,,,,,,,,,,,,,,,,,,,,,,,,,5.5845094539,4.757997531,5.340853948,4.9756303356,5.6420712903,5.8665310866,5.6303278646,6.7325345959,5.6972018379,5.4363290798,5.553297629,5.8253774572,6.0838051949,6.6550097222,6.1416468517,6.8218605513,6.6561211848,7.2801613749,7.6801643893,6.9305536643,6.97509147,6.5988884999,,,,,,,,,,Economic
33188762a_metr,,,,,,,,,,,,,,,,,,,,,,,,,,,,,,,,,,,,,,,,,,,,,,,,,,,,,,,,151.13881973416,150.096234538872,149.078028390753,149.604623688664,150.051389119259,152.218784923792,156.014002574876,158.699415850952,158.0075641382,159.945795476404,153.795254770631,157.219927608286,163.456117718065,166.685091786021,165.122679004096,166.446259884458,169.334324562368,174.514256210259,174.2195139352,149.902621022431,161.524301504164,166.627382667933,,,,,,,,,Human
33188747a_metr,,,,,,,,,,,,,,,,,,,,,,,,,,,,,,,,,,,,,,,,,,,,,,,,,,,,,,,,14265.540754357,14239.9995967767,14131.4106818413,14414.8908020303,14856.4350065077,15648.1459420404,16407.4518682157,17359.5241273733,17056.3277470271,17538.6678371961,17342.8069982207,17674.8010307302,18125.4751247095,18356.0877399828,18246.1826218137,18378.2113019984,19167.5462651875,19940.0268340082,20353.1774975474,14024.540572744,15460.0414317278,19606.5847404701,,,,,,,,,Economic
33188870a_metr,,,,,,,,,,,,,,,,,,,,,,,,,,,,,,,,,,,,,,,,,,,,,,,,,,,,,,,,,2.77946441744436,2.62466734403543,2.70221687689545,2.67985714819369,2.75160911496424,2.72792082447115,2.59501606014478,2.55228686099009,2.71850689181098,2.71325381276768,2.98022292109576,2.92761124583104,2.77133889513333,3.22199638179466,3.27210263737018,3.24459457312531,3.64486793769978,3.610382257788,3.83484954848515,3.05018838533416,4.52010764745253,3.91533624401047,,,,,,,,Economic
28325075a_metr,,,,,,,,,,,,,,,,,,,,,,,,,,,,,,,,,,,,,,,,,,,,,,,,,,,,,,,123.465662049125,131.517304948582,117.250323245387,113.054830476453,112.806552896586,118.640908570353,123.078972074499,117.708446856443,112.72326513515,110.847819948381,117.8218392497,123.128780586818,124.222299340137,123.740675926872,116.386483474663,117.054033093653,121.131768879534,111.695874436449,115.705549498504,117.034140868494,107.368319452001,111.768126905205,,,,,,,,,,Natural
28325090a_metr,,,,,,,,,,,,,,,,,,,,,,,,,,,,,,,,,,,,,,,,,,,,,,,,,,,,,,,2.03358184898095,2.14919997622477,2.00591009643192,1.96529570956797,1.87136143998406,1.87418858047504,1.91278480937772,1.85159665968455,1.73733471156029,1.77927407207105,1.79253945067687,1.85940740787406,1.82474705969815,1.79740508113135,1.79386497870236,1.82345914715111,1.85092067190417,1.77718693582803,1.70633740200452,1.71130505962067,1.7731730112315,1.69444054678511,,,,,,,,,,Natural
33188784a_metr,,,,,,,,,,,,,,,,,,,,,,,,,,,,,,,,,,,,,,,,,,,,,,,,,,,,,,,4.1993663682,3.5591244791,3.8270727628,3.5890692835,3.796141906,3.8776241818,4.0229109964,4.4734289741,4.0911244659,4.0016843495,4.2641467004,3.9951286965,4.3890974063,4.5198528001,4.3691723603,4.777053609,4.4472531134,4.6535417794,4.55198171,5.2580507875,4.582747114,4.2970384765,,,,,,,,,,Economic
33188732b_metr,,,,,,,,,,,,,,,,,,,,,,,,,,,,,,,,,,,,,,,,,,,,,,,,,,,,,,,,,,118.97,117.59,116.56,116.4,112.52,108.44,106.38,109.4,107.05,102.96,100.46,98.98,97.26,94.33,94.19,93.02,92.62,84.24,86.85,86.3,85.808,,,,,,,,Human
33188732a_metr,,,,,,,,,,,,,,,,,,,,,,,,,,,,,,,,,,,,,,,,,,,,,,,,,,,,,,,,,,165.59,170.01,182.6,179.56,172.49,163.85,168.53,166.16,155.95,155.78,156.59,148.15,144.42,138.31,142.71,142.25,141.91,129.69,126.67,128.92,130.44,,,,,,,,Human
33188732c_metr,,,,,,,,,,,,,,,,,,,,,,,,,,,,,,,,,,,,,,,,,,,,,,,,,,,,,,,,,,57.14,55.85,55.87,55.91,53.95,54.44,54.09,54.56,53.03,52.29,52.69,51.55,51.08,51.12,51.38,52.05,52.31,49.83,51.0,52.84,50.239,,,,,,,,Human
33188899a_metr,,,,,,,,,,,,,,,,,,,,,,,,,,,,,,,,,,,,,,,,,,,,,,,,,,,,,,,,60.01,59.28,58.39,58.36,58.5,58.36,57.97,58.07,58.09,57.99,57.62,57.86,58.13,58.16,58.65,58.96,59.06,59.69,59.81,,,,,,,,,,,,Natural
33188899b_metr,,,,,,,,,,,,,,,,,,,,,,,,,,,,,,,,,,,,,,,,,,,,,,,,,,,,,,,,60.66,58.41,58.31,57.16,58.31,58.06,57.63,58.78,59.17,57.99,58.16,58.23,58.11,59.16,60.52,60.16,60.88,61.31,59.87,,,,,,,,,,,,Natural
33188899c_metr,,,,,,,,,,,,,,,,,,,,,,,,,,,,,,,,,,,,,,,,,,,,,,,,,,,,,,,,56.17,56.55,56.66,55.0,53.13,51.49,48.98,46.99,45.04,44.28,45.22,44.79,44.65,45.54,46.22,45.16,44.85,45.89,,,,,,,,,,,,,Natural
33188938a_metr,,,,,,,,,,,,,,,,,,,,,,,,,,,,,,,,,,,,,,,,,,,,,,,,,,,,,,,,,,,218.4,7995.6,13088.2,4216.0,11302.3,4541.5,20069.3,8413.2,11409.3,7629.7,7387.81065802452,-605.083851101262,-665.78710293588,9596.55975145225,8187.51445821679,11582.5507753556,5021.85004970499,12087.3885304909,8541.77862087789,,,,,,,,,Economic
33188938b_metr,,,,,,,,,,,,,,,,,,,,,,,,,,,,,,,,,,,,,,,,,,,,,,,,,,,,,,,,,,,-326.8,278.6,39.9,309.6,259.5,777.6,1067.0,92.1000000000001,-1088.9,524.5,47.0376508226604,639.447248619913,371.742182560894,379.581656483013,-275.611283209973,655.119344262868,1902.44926769234,-3758.78855163286,-118.2442417314,,,,,,,,,Economic
33188546a_metr,,,,,,,,,,,,,,,,,,,,,,,,,,,,,,,,,,,,,,,,,,,,,,,,,,,,,,,,,,33.6323016752696,37.4857385110121,39.822625404195,39.8604683598904,39.655118423222,38.5221623665411,41.5169544237668,42.1713320746417,42.4427801423117,40.2909919887866,40.8968656765791,41.649399229516,41.3089769040658,41.5674504172587,43.4905157219205,44.1262653437151,46.9302803108713,,,,,,,,,,,,Economic
33188571a_metr,,,,,,,,,,,,,,,,,,,,,,,,,,,,,,,,,,,,,,,,,,,,,,,,,,,,,,,,,,,,,,10.31,9.443,9.285,8.842,8.284,8.554,6.603,7.628,8.069,8.476,8.553,8.115,9.126,9.073,9.315371,8.553797,,,,,,,,,Social
33188551a_metr,,,,,,,,,,,,,,,,,,,,,,,,,,,,,,,,,,,,,,,,,,,,,,,,,,,,,,,,,,,,,,4.793,4.7,3.805,3.545,3.631,3.494,2.651,3.374,3.895,3.779,4.321,3.668,4.219,4.186,4.164059,3.795551,,,,,,,,,Human
33188617a_metr,,,,,,,,,,,,,,,,,,,,,,,,,,,,,,,,,,,,,,,,,,,,,,,,,,,,,,,,,,,,,,8.407,9.332,10.947,9.686,10.265,11.999,13.052,12.549,6.605,8.17,6.20904396729916,7.03732313716304,7.55475592643326,6.14047060526858,5.13492225686205,7.45407607322251,,,,,,,,,Human
33188530a_metr,,,,,,,,,,,,,,,,,,,,,,,,,,,,,,,,,,,,,,,,,,,,,,,,,,,,,,,,,,,,,,9.297,8.247,8.107,7.922,7.423,7.662,5.883,6.664,7.049,7.511,8.157,7.875,8.741,8.532,8.736364,8.15537,,,,,,,,,Social
33188571b_metr,,,,,,,,,,,,,,,,,,,,,,,,,,,,,,,,,,,,,,,,,,,,,,,,,,,,,,,,,,,,,,8.25,7.018,6.898,6.982,6.543,6.752,5.151,5.684,6.015,6.532,7.757,7.633,8.352,7.985,8.152003,7.753733,,,,,,,,,Social
33707214b_metr,,,,,,,,,,,,,,,,,,,,,,,,,,42.9175764727961,,,,41.564389097205,,,,41.6477104129871,,,,37.668577503317,,,,42.1089319390346,,,,47.4628845134621,,,,40.5083043012786,,,,43.8139440671912,,,,46.6895737074756,,,,42.3390855451173,,,,43.5976981154947,,,,48.8729,,,,47.32522,,,,48.6349287328301,,,,,,,,Social
33188644a_metr,,,,,,,,,,,,,,,,,,,,,,,,,,,,,,,,,,,,,,,,,,,,,,,,,,,,,,,,,,,,,,,,94.0,101.0,110.0,106.0,95.0,99.0,105.0,103.0,93.0,92.0,113.0,141.0,85.0,118.0,123.0,,,,,,,,Social
33188653a_metr,,,,,,,,,,,,,,,,,,,,,,,,,,,,,,,,,,,,,,,,,,,,,,,,,,,,,,,,,,,,,,,,64.0,74.0,76.0,67.0,68.0,61.0,69.0,77.0,65.0,64.0,78.0,99.0,63.0,74.0,85.0,,,,,,,,Social
33188653b_metr,,,,,,,,,,,,,,,,,,,,,,,,,,,,,,,,,,,,,,,,,,,,,,,,,,,,,,,,,,,,,,,,30.0,27.0,34.0,39.0,27.0,38.0,36.0,26.0,28.0,28.0,35.0,42.0,22.0,44.0,38.0,,,,,,,,Social
33188910a_metr,,,,,,,,,,,,,,,,,,,,,,,,,,,,,,,,,,,,,,,,,,,,,,,,,,,,,,,,,,,,,,,,1067.0,936.0,936.0,1018.0,970.0,951.0,876.0,904.0,959.0,935.0,997.0,1071.0,1064.0,1261.0,1252.0,,,,,,,,Social
33188914b_metr,,,,,,,,,,,,,,,,,,,,,,,,,,,,,,,,,,,,,,,,,,,,,,,,,,,,,,,,,,,,,,,,361.0,339.0,343.0,406.0,349.0,364.0,324.0,306.0,321.0,292.0,292.0,337.0,276.0,358.0,372.0,,,,,,,,Social
33188945a_metr,,,,,,,,,,,,,,,,,,,,,,,,,,,,,,,,,,,,,,,,,,,,,,,,,23.7919658451387,,22.9056603773585,,21.4879084364039,,21.4916231309674,,20.8764665286404,,19.8815566835871,,19.0602689689524,,18.7043351193376,,17.9624664879357,,18.8615901113994,,15.1162790697674,,14.5760655240406,,14.3787878787879,,13.810589,,11.7224178403756,,,,,,,,,Social
33188914a_metr,,,,,,,,,,,,,,,,,,,,,,,,,,,,,,,,,,,,,,,,,,,,,,,,,,,,,,,,,,,,,,,,706.0,597.0,593.0,612.0,621.0,587.0,552.0,598.0,638.0,643.0,705.0,734.0,788.0,903.0,880.0,,,,,,,,Social
33188661a_metr,,,,,,,,,,,,,,,,,,,,,,,,,,,,,,,,,,,,,,,,,,,,,,,,,,,,,,,,,,,,,,,16.5,16.8,16.2,16.4,14.1,15.3,13.4,13.5,12.8,12.0,13.3,14.6,14.8,18.2,14.6,,,,,,,,,Natural
29946686b_metr,,,,,,,,,,,,,,,,,,,,,,,,,,5.0,,,,7.5,,,,10.5,,,,11.0,,,,14.5,,,,17.5,,,,21.5,,,,23.5,,,,26.0,,,,29.5,,,,29.0,,,,32.0,,,,42.0,,,,38.5,,,,,,,,Social
33707214a_metr,,,,,,,,,,,,,,,,,,,,,,,,,,56.8563845057895,,,,52.3619980203677,,,,48.0464303228152,,,,48.9061033094614,,,,46.4684269781557,,,,46.0457007073019,,,,42.2222314085369,,,,43.3031410854951,,,,45.2309993047729,,,,48.276098472157,,,,48.5048108580076,,,,48.5099807780972,,,,45.11,,,,46.657368569,,,,,,,,Social
29946646a_metr,,,,,,,,,,,,,,,,,,,,,,,,,,,,,,,,,,,,,,,,,,,,,,,,,,,,,,,,,,,,,,50.3643,50.46,49.1428,50.0848,59.0772,53.362,53.1822,47.0439,42.0077,44.9134640403981,43.3405011407171,38.8452000213602,39.2862666760163,40.6658433242828,42.2,,,,,,,,,,Human
29946686a_metr,,,,,,,,,,,,,,,,,,,,,,,,,,,,,,5.96252129471891,,,,8.24707846410685,,,,9.80653769179453,,,,11.8078719146097,,,,15.1949350216594,,,,21.9552886219553,,,,24.1720723796518,,,,24.181446111869,,,,26.4791818845873,,,,25.3450920245399,,,,25.9103104637792,,,,29.2065925642008,,,,33.5003855050116,,,,,,,,Social
33188637b_metr,,,,,,,,,,,,,,,,,,,,,,,,,,,,,,,,,,,,,,,,,,,,,,,,,,,,,,,,,,,,,,,,,25.8294,25.352,25.2186,24.8411,25.8102,26.4013,26.4759,26.6443,27.0101,27.1579,22.6059,,16.0891,21.3651,,,,,,,,Human
33188640a_metr,,,,,,,,,,,,,,,,,,,,,,,,,,,,,,,,,,,,,,,,,,,,,,,,,,,,,,,,,,,,,,,,,26.9251,26.3433,25.8383,25.9777,27.342,27.7045,27.7979,27.4951,27.5888,27.9323,22.038,,16.8374,22.0597,,,,,,,,Human
33188909a_metr,,,,,,,,,,,,,,,,,,,,,,,,,,,,,,,,,,,,,,,,,,,,,,,,,,,,,,,,,,,,,,,,,,274.9,320.3,336.8,460.5,495.1,512.2,540.0,556.0,578.3,592.6,619.6,628.8,636.45,,,,,,,,Natural
33188850a_metr,,,,,,,,,,,,,,,,,,,,,,,,,,,,,,,,,,,,,,,,,,,,,,,,,,,,,,,,,,,,,,,,,,,4090.0,4112.0,4126.0,4146.0,4172.0,4196.0,4196.0,4212.0,4266.0,4288.0,4327.0,4327.0,4355.0,,,,,,,Natural
33188850b_metr,,,,,,,,,,,,,,,,,,,,,,,,,,,,,,,,,,,,,,,,,,,,,,,,,,,,,,,,,,,,,,,,,,,84.0,137.0,154.0,163.0,169.0,174.0,191.0,197.0,209.0,211.0,223.0,233.0,240.0,,,,,,,Natural
33188658a_metr,,,,,,,,,,,,,,,,,,,,,,,,,,,,,,,,,,,,,,,,,,,,,,,,,,,,,,,,,,,,,,,,,,23.9997803224467,23.6686434319155,24.2303642893322,24.6285954474951,24.3332132732989,24.7438423752157,24.5257418907979,24.8743423848594,25.3013993048062,24.8650115844682,22.527683510321,21.5614735136453,22.3825750506046,,,,,,,,Social
33188637a_metr,,,,,,,,,,,,,,,,,,,,,,,,,,,,,,,,,,,,,,,,,,,,,,,,,,,,,,,,,,,,,,,,,24.426,23.7417,23.5841,24.4467,25.7879,25.5116,26.3246,25.5635,25.7994,26.3212,21.4487,,16.8149,21.9697,,,,,,,,Human
33188633a_metr,,,,,,,,,,,,,,,,,,,,,,,,,,,,,,,,,,,,,,,,,,,,,,,,,,,,,,,,,,,,,,,,,25.1212,24.5402,24.3949,24.6428,25.799,25.954,26.3999,26.1009,26.4019,26.7384,22.0265,,16.4528,21.6677,,,,,,,,Human
33188640b_metr,,,,,,,,,,,,,,,,,,,,,,,,,,,,,,,,,,,,,,,,,,,,,,,,,,,,,,,,,,,,,,,,,19.2598,18.7829,19.9132,20.6093,21.2652,20.9394,22.4357,22.1795,23.089,23.441,21.9955,,15.4445,20.6656,,,,,,,,Human
33188658b_metr,,,,,,,,,,,,,,,,,,,,,,,,,,,,,,,,,,,,,,,,,,,,,,,,,,,,,,,,,,,,,,,,,,41.5155166849348,41.8375017135647,41.7136554238597,41.7297254104589,41.5370713625475,41.0758950959242,41.1293510764472,40.5917071972579,40.7669970255571,41.1085304511796,38.0129357609867,35.7898027856218,35.7980121311092,,,,,,,,Social
33188550a_metr,,,,,,,,,,,,,,,,,,,,,,,,,,,,,,,,,,,,,,,,,,,,,,,,,,,,,,,,,,,,,,,,,36.964,37.2891,37.7939,38.6134,39.4311,39.8874,40.689,41.1397,40.8661,40.7259,40.5739,40.8232,41.8344,,,,,,,,,Social
33188969a_metr,,,,,,,,,,,,,,,,,,,,,,,,,,,,,,,,,,,,,,,,,,,,,,,,,,,,,,,,,,,,,,,,,6.726456,7.2883943,6.8409297,7.3613821,7.4090796,7.0389119,7.2875371,7.3005363,6.5996525,6.4550107,6.5763928,,,7.530315,,,,,,,,Human
33188969b_metr,,,,,,,,,,,,,,,,,,,,,,,,,,,,,,,,,,,,,,,,,,,,,,,,,,,,,,,,,,,,,,,,,9.6062124,8.6699071,8.6925167,8.6435619,7.9718591,7.6576599,7.774518,7.0743246,6.5458895,6.0172387,5.9439657,,,7.9021173,,,,,,,,Human
33188967a_metr,,,,,,,,,,,,,,,,,,,,,,,,,,,,,,,,,,,,,,,,,,,,,,,,,,,,,,,,,,,,,,,,,8.1277258,7.956084,7.7371392,7.9792415,7.6808046,7.3387447,7.5230317,7.1910507,6.5735949,6.2444657,6.2710408,,,7.7096285,,,,,,,,Human
33707230b_metr,,,,,,,,,,,,,,,,,,,,,,,,,,,,,,,,,,,,,,,,,,,,,,,,,,,,,,,,,,,,,,,,,,,2.76,2.93,3.05,2.94,2.99,2.87,2.83,2.53,3.07,2.84,2.36,2.42,,,,,,,,Human
33707230a_metr,,,,,,,,,,,,,,,,,,,,,,,,,,,,,,,,,,,,,,,,,,,,,,,,,,,,,,,,,,,,,,,,,,,7.34,7.73,7.68,7.71,7.83,7.62,7.44,7.06,7.27,7.97,6.46,6.14,,,,,,,,Human
33188723b_metr,,,,,,,,,,,,,,,,,,,,,,,,,,,,,,,,,,,,,,,,,,,,,,,,,,,,,,,,,,,,,,,,,,33.0082296918286,32.9446462387648,33.0616658248029,33.0315215415734,32.993282607952,33.1707116376891,33.3701273740736,33.446348053803,33.5330534063034,33.55282732152,33.9353178382365,34.0673562968004,,,,,,,,,Human
33188720a_metr,,,,,,,,,,,,,,,,,,,,,,,,,,,,,,,,,,,,,,,,,,,,,,,,,,,,,,,,,,,,,,,,,,29.8893968368754,29.7556936800861,29.766131001536,29.694475335252,29.5726534685319,29.5988938475043,29.7279613003717,29.8223447501169,29.8343622323555,29.8556758787761,30.2440071033399,30.3195765034787,,,,,,,,,Human
33188723a_metr,,,,,,,,,,,,,,,,,,,,,,,,,,,,,,,,,,,,,,,,,,,,,,,,,,,,,,,,,,,,,,,,,,24.8812678209355,24.6619823152293,24.5320027778633,24.4378366488694,24.2315556353769,24.0372427945829,24.0724032081784,24.232187308062,24.1699734171257,24.2228432546691,24.6191383541758,24.6740612072475,,,,,,,,,Human
33188932a_metr,,,,,,,,,,,,,,,,,,,,,,,,,,,,,,,,,,,,,,,,,,,,,,,,,,,,,,,,,,,,,,,,,,,6.0,7.0,5.0,6.0,5.0,3.0,3.0,4.0,3.0,7.0,7.0,6.0,,,,,,,,Social
33188795a_metr,,,,,,,,,,,,,,,,,,,,,,,,,,,,,,,,,,,,,,,,,,,,,,,,,,,,,,,,,,,,,,,,,,,6.99927753871283,5.49533523398035,6.292,6.436,6.985,7.286,6.742,7.462,6.75964668089759,6.98138963444603,7.61140382937351,,,,,,,,,Human
33188795b_metr,,,,,,,,,,,,,,,,,,,,,,,,,,,,,,,,,,,,,,,,,,,,,,,,,,,,,,,,,,,,,,,,,,,9.60582423209362,7.1788481586952,7.703,9.203,8.546,9.66,9.831,10.488,10.5906339272162,11.4259317415271,10.1699891842166,,,,,,,,,Human
33188627b_metr,,,,,,,,,,,,,,,,,,,,,,,,,,,,,,,,,,,,,,,,,,,,,,,,,,,,,,,,,,,,,,,,,,,,31.93,29.9,30.15,29.85,29.93,30.48,31.64,31.89,33.04,33.9,35.16,,,,,,,,Human
33188627a_metr,,,,,,,,,,,,,,,,,,,,,,,,,,,,,,,,,,,,,,,,,,,,,,,,,,,,,,,,,,,,,,,,,,,,19.17,20.376712329,21.29,22.1636488654595,22.77,23.4,23.95,25.226390686,26.4510601841936,28.4,29.65,,,,,,,,Human
33188792a_metr,,,,,,,,,,,,,,,,,,,,,,,,,,,,,,,,,,,,,,,,,,,,,,,,,,,,,,,,,,,,,,,,,,,5.21098885160452,3.97395163216854,4.838,5.026,5.424,5.566,6.103,5.922,5.55064303570195,5.65899948463364,6.23844718065392,,,,,,,,,Human
33188792d_metr,,,,,,,,,,,,,,,,,,,,,,,,,,,,,,,,,,,,,,,,,,,,,,,,,,,,,,,,,,,,,,,,,,,10.1134865697183,7.74398707967022,8.415,10.621,9.579,9.602,10.68,10.427,11.7709555566059,12.3752436959414,10.502034219051,,,,,,,,,Human
33188792b_metr,,,,,,,,,,,,,,,,,,,,,,,,,,,,,,,,,,,,,,,,,,,,,,,,,,,,,,,,,,,,,,,,,,,8.68838116435533,6.95541792300589,7.695,7.794,8.523,8.957,7.353,9.0,7.94495718318114,8.25992148600076,8.91717760572392,,,,,,,,,Human
33188792c_metr,,,,,,,,,,,,,,,,,,,,,,,,,,,,,,,,,,,,,,,,,,,,,,,,,,,,,,,,,,,,,,,,,,,9.10677718842802,6.60772788593837,6.973,7.772,7.464,9.72,8.997,10.552,9.37893500031601,10.4747332474494,9.84684848726934,,,,,,,,,Human
30046148a_metr,,,,,,,,,,,,,,,,,,,,,,,,,,,,,,,,,,,,,,,,,,,,,,,,,,,,,,,79.6,,,83.4,,,83.6,,,83.1,,,85.9,,,80.02,,,76.3659414547559,,,,75.3801094583318,,,,,,,,,Human
33188532a_metr,,,,,,,,,,,,,,,,,,,,,,,,,,,,,,,,,,,,,,,,,,,,,,,,,,,,,,,,,,,,,,,,,,,,,32.894,32.446,32.767,32.0131464104222,32.7951331172423,31.9263928424804,32.1292381539166,30.9991634570381,31.793622193593,,,,,,,,,Human
33188532b_metr,,,,,,,,,,,,,,,,,,,,,,,,,,,,,,,,,,,,,,,,,,,,,,,,,,,,,,,,,,,,,,,,,,,,,39.002,37.81,37.646,37.2880417380573,37.9706701027797,40.0034891640598,40.4154718980221,36.8073295667512,37.9159208106113,,,,,,,,,Human
28325222a_metr,,,,,,,,,,,,,,,,,,,,,,,,,,,,,,,,,,,,,,,,,,,,,,,,,,,5.38731979046682,,,,6.231486026452,,,,5.81924760329494,,,,5.36116444555338,,,,7.27898573986855,,,8.41474263505171,,8.39078996144729,,8.90141085130174,,9.71774790104962,,,,,,,,,,Economic
19804061e_metr,,,,,,,,,,,,,,,,,,,,,,,,,,,,,,,,,,,,,,,,,,,,,,,,,,,,32.7,,,31.9,,,,31.7,,,31.7,,,29.4,,,29.0,,,29.6,,,,30.2,,,,,,,,,,,Social
19804061c_metr,,,,,,,,,,,,,,,,,,,,,,,,,,,,,,,,,,,,,,,,,,,,,,,,,,,,15.5,,,16.4,,,,17.0,,,18.3,,,16.4,,,17.6,,,18.1,,,,19.3,,,,,,,,,,,Social
19804061b_metr,,,,,,,,,,,,,,,,,,,,,,,,,,,,,,,,,,,,,,,,,,,,,,,,,,,,35.2,,,36.0,,,,34.8,,,34.8,,,33.5,,,32.7,,,33.0,,,,31.0,,,,,,,,,,,Social
19804061a_metr,,,,,,,,,,,,,,,,,,,,,,,,,,,,,,,,,,,,,,,,,,,,,,,,,,,,102.0,,,104.5,,,,103.5,,,104.8,,,99.3,,,99.2,,,102.0,,,,101.2,,,,,,,,,,,Social
33188767a_metr,,,,,,,,,,,,,,,,,,,,,,,,,,,,,,,,,,,,,,,,,,,,,,,,,,,,,,,2.26385866139646,,,,2.60798038188053,,,,2.65315999243456,,,,2.87439945466181,,,3.07641213924105,,3.0769761518928,,3.19679840335716,,3.35918156336938,,,,,,,,,,Economic
33188596a_metr,,,,,,,,,,,,,,,,,,,,,,,,,,,,,,,,,,,,,,,,,,,,,,,,,,,,,,,,,,,,,,,,,,,,,,,5319.0,5434.0,5434.0,5449.0,5400.0,5440.0,5643.0,5954.0,,,,,,,,Natural
19804061d_metr,,,,,,,,,,,,,,,,,,,,,,,,,,,,,,,,,,,,,,,,,,,,,,,,,,,,18.6,,,20.2,,,,20.0,,,20.0,,,20.0,,,19.9,,,21.3,,,,20.7,,,,,,,,,,,Social
20225538a_metr,,,,,,,,,,,,,,,,,,,,,,,,,,,,,,,,,,,,,,,,,,,,,,,,,,,,,,,41.6,,,,41.0,,,38.9,,,33.5,,,34.5,,,44.0,,,,42.1,,,,,,,,,,,Social
20225538b_metr,,,,,,,,,,,,,,,,,,,,,,,,,,,,,,,,,,,,,,,,,,,,,,,,,,,,,,,39.9,,,,40.4,,,37.3,,,31.9,,,31.2,,,41.4,,,,39.9,,,,,,,,,,,Social
28325322a_metr,,,,,,,,,,,,,,,,,,,,,,,,,,,,,,,,,,,,,,,,,,,,,,,30.082,,,,,33.211,,,,,30.533,,,,,27.875,,,,,28.193,,,,,27.124,,,,,23.933,,,,,,,,,Human
28325348a_metr,,,,,,,,,,,,,,,,,,,,,,,,,,,,,,,,,,,,,,,,,,,,,,,21.954,,,,,28.177,,,,,29.297,,,,,28.676,,,,,31.98,,,,,32.999,,,,,33.8,,,,,,,,,Human
19804335a_metr,,,,,,,,,,,,,,,,,,,,,,,,,,,,,,,,,,,,,,,,,,,,,,,,,,,,,,,40.8,,,,40.8,,,38.1,,,32.7,,,32.9,,,42.7,,,,41.0,,,,,,,,,,,Social
28325338b_metr,,,,,,,,,,,,,,,,,,,,,,,,,,,,,,,,,,,,,,,,,,,,,,,36.55,,,,,39.096,,,,,36.0,,,,,32.334,,,,,32.368,,,,,31.047,,,,,27.137,,,,,,,,,Human
28325348b_metr,,,,,,,,,,,,,,,,,,,,,,,,,,,,,,,,,,,,,,,,,,,,,,,39.27,,,,,42.343,,,,,45.605,,,,,46.692,,,,,50.558,,,,,50.993,,,,,52.3,,,,,,,,,Human
28325345a_metr,,,,,,,,,,,,,,,,,,,,,,,,,,,,,,,,,,,,,,,,,,,,,,,30.357,,,,,35.035,,,,,37.209,,,,,37.513,,,,,41.117,,,,,41.91,,,,,42.978,,,,,,,,,Human
28325338a_metr,,,,,,,,,,,,,,,,,,,,,,,,,,,,,,,,,,,,,,,,,,,,,,,24.075,,,,,27.759,,,,,25.454,,,,,23.617,,,,,24.183,,,,,23.294,,,,,20.805,,,,,,,,,Human
28325292a_metr,,,,,,,,,,,,,,,,,,,,,,,,,,,,,,,,,,,,,,,,,,,,,,,,,,,,,,,,,,,,71.0,,,82.56314,,,85.694,,,87.485,,,89.677,,,94.0,,,,,,,,,,,Human
28325324a_metr,,,,,,,,,,,,,,,,,,,,,,,,,,,,,,,,,,,,,,,,,,,,,,,,,,,,6.158,,,,,6.1,,,,,5.146,,,,,4.823,,,,,4.651,,,,,3.859,,,,,,,,,Human
28325325a_metr,,,,,,,,,,,,,,,,,,,,,,,,,,,,,,,,,,,,,,,,,,,,,,,,,,,,4.731,,,,,4.617,,,,,4.601,,,,,4.123,,,,,4.138,,,,,3.353,,,,,,,,,Human
28325325b_metr,,,,,,,,,,,,,,,,,,,,,,,,,,,,,,,,,,,,,,,,,,,,,,,,,,,,7.707,,,,,7.745,,,,,5.725,,,,,5.552,,,,,5.173,,,,,4.379,,,,,,,,,Human
33188963d_metr,,,,,,,,,,,,,,,,,,,,,,,,,,,,,,,,,,,,,,,,,,,,,,,,,,,,,,,,,,,,,14.8465319553876,,,14.3133873789189,,,13.9868537650921,,,14.0821202908466,,,13.9409292746747,,13.4178110500212,,,,,,,,,,,Social
33188963e_metr,,,,,,,,,,,,,,,,,,,,,,,,,,,,,,,,,,,,,,,,,,,,,,,,,,,,,,,,,,,,,11.562305908893,,,11.1694687704909,,,10.0399492677061,,,10.0279427242922,,,9.26040851695601,,8.83403209195396,,,,,,,,,,,Social
33188963a_metr,,,,,,,,,,,,,,,,,,,,,,,,,,,,,,,,,,,,,,,,,,,,,,,,,,,,,,,,,,,,,30.9321454813185,,,30.5349872819458,,,30.9548869542559,,,33.6630215372894,,,34.0440038848485,,32.1905157765637,,,,,,,,,,,Social
33188963b_metr,,,,,,,,,,,,,,,,,,,,,,,,,,,,,,,,,,,,,,,,,,,,,,,,,,,,,,,,,,,,,21.2116285973538,,,20.9170708389659,,,20.6412355064643,,,21.316504024115,,,21.492089811717,,20.7584701240108,,,,,,,,,,,Social
33188963c_metr,,,,,,,,,,,,,,,,,,,,,,,,,,,,,,,,,,,,,,,,,,,,,,,,,,,,,,,,,,,,,17.5583740187387,,,17.2140031579994,,,17.0800643436139,,,17.2577497022852,,,16.5520068722082,,16.1358306885239,,,,,,,,,,,Social
30325545a_metr,,,,,,,,,,,,,,,,,,,,,,,,,,,,,,,,,,,,,,,,,,,,,,,,,,,,,,,,,,,,,,,,,,22.6067,,,,24.3221,,,,31.4949,,,,35.5609,,,,,,,,Human
28325289a_metr,,,,,,,,,,,,,,,,,,,,,,,,,,,,,,,,,,,,,,,,,,,,,,,,,,,,,,,,,,,,,,,,,,,,,,,21.477873,,24.272707,,28.238662,,26.590027,,,,,,,,,Social
28325291a_metr,,,,,,,,,,,,,,,,,,,,,,,,,,,,,,,,,,,,,,,,,,,,,,,,,,,,,,,,,,,,,,,,,,,,,,,21.934067,,24.89963,,27.985862,,27.710007,,,,,,,,,Social
30325542b_metr,,,,,,,,,,,,,,,,,,,,,,,,,,,,,,,,,,,,,,,,,,,,,,,,,,,,,,,,,,,,,,,,,,75.0229,,,,75.2202,,,,83.7953,,,,81.1235,,,,,,,,Natural
28325291b_metr,,,,,,,,,,,,,,,,,,,,,,,,,,,,,,,,,,,,,,,,,,,,,,,,,,,,,,,,,,,,,,,,,,,,,,,21.006257,,23.631939,,28.496632,,25.449723,,,,,,,,,Social
30325544b_metr,,,,,,,,,,,,,,,,,,,,,,,,,,,,,,,,,,,,,,,,,,,,,,,,,,,,,,,,,,,,,,,,,,36.3433,,,,39.7081,,,,42.9356,,,,43.5798,,,,,,,,Natural
29946665a_metr,,,,,,,,,,,,,,,,,,,,,,,,,,,,,,,,,,,,,,,,,,,,,,,,,,,,,,,,,,,,,,,,,,,,,,,,39.7986,,46.0,,36.5911,,39.144,,,,,,,,Human
30325542a_metr,,,,,,,,,,,,,,,,,,,,,,,,,,,,,,,,,,,,,,,,,,,,,,,,,,,,,,,,,,,,,,,,,,83.7542,,,,85.0267,,,,91.5737,,,,90.0197,,,,,,,,Natural
30325544a_metr,,,,,,,,,,,,,,,,,,,,,,,,,,,,,,,,,,,,,,,,,,,,,,,,,,,,,,,,,,,,,,,,,,64.8193,,,,74.5838,,,,72.2069,,,,70.382,,,,,,,,Natural
33188523a_metr,,,,,,,,,,,,,,,,,,,,,,,,,,,,,,,,,,435.054,,,,,,,,,,,,,425.575,,,,,,,,,,,,399.217,,,,,,,,,384.393,,,,,,,,,,,,,,,,,,Natural
30325547a_metr,,,,,,,,,,,,,,,,,,,,,,,,,,,,,,,,,,,,,,,,,,,,,,,,,,,,,,,,,,,,,,,,,,79.4038,,,,80.1012,,,,87.6853,,,,85.5629,,,,,,,,Natural
33188968a_metr,,,,,,,,,,,,,,,,,,,,,,,,,,,,,,,,,,,,,,,,,,,,,,,,,,,,,,,,,,,,,,,,,,365.59,,,,348.7,,,347.55,,,342.83,,,,,,,,,,Economic
33188895a_metr,,,,,,,,,,,,,,,,,,,,,,,,,,,,,,,,,,5431.91,,,,,,,,,,,,,5237.65,,,,,,,,,,,,5147.56,,,,,,,,,5029.71,,,,,,,,,,,,,,,,,,Natural
33188879a_metr,,,,,,,,,,,,,,,,,,,,,,,,,,,,,,,,,,3.59548188926759,,,,,,,,,,,,,4.16006409189864,,,,,,,,,,,,4.64770404771436,,,,,,,,,5.03246371883651,,,,,,,,,,,,,,,,,,Natural
33188822a_metr,,,,,,,,,,,,,,,,,,,,,,,,,,,,,,,,,,34.4803712915716,,,,,,,,,,,,,36.1799717739461,,,,,,,,,,,,37.7771774291016,,,,,,,,,38.3267278944399,,,,,,,,,,,,,,,,,,Natural
33707244a_metr,,,,,,,,,,,,,,,,,,,,,,,,,,,,,,,,,,,,,,,,,,,,,,,,,,,,,,,,,,,,,,77.5112,,,,,66.7908,,,,,69.6915,,,,,72.4463,,,,,,,,,Human
28325320a_metr,,,,,,,,,,,,,,,,,,,,,,,,,,,,,,,,,,,,,,,,,,,,,,,,,,,,,,,,,,,,,,,,,,,25.987,,,,,28.33,,,,,20.421,,,,,,,,,Human
28325312a_metr,,,,,,,,,,,,,,,,,,,,,,,,,,,,,,,,,,,,,,,,,,,,,,,,,,,,,,,,,,,,,,,,,,,19.163,,,,,21.492,,,,,15.646,,,,,,,,,Human
33188508b_metr,,,,,,,,,,,,,,,,,,,,,,,,,,,,,,,,,,,,,,,,,,,,,,,,,,,,,,,,,,,,,,,,,,,,,,,76.232,,,77.771,,,85.325,,,,,,,,,Human
28325320b_metr,,,,,,,,,,,,,,,,,,,,,,,,,,,,,,,,,,,,,,,,,,,,,,,,,,,,,,,,,,,,,,,,,,,12.057,,,,,14.551,,,,,10.731,,,,,,,,,Human
33188508a_metr,,,,,,,,,,,,,,,,,,,,,,,,,,,,,,,,,,,,,,,,,,,,,,,,,,,,,,,,,,,,,,,,,,,,,,,94.381,,,94.094,,,92.142,,,,,,,,,Human
28325349a_metr,,,,,,,,,,,,,,,,,,,,,,,,,,,,,,,,,,,,,,,,,,,,,,,,,,,,,,,,,,,,,,,,,,,66.2045352210632,,,,,69.1571468997639,,,,,70.649020351334,,,,,,,,,Social
19804339a_metr,,,,,,,,,,,,,,,,,,,,,,,,,,,,,,,,,,,,,,,,,,,,,,,,,,,,,,,,,,,,,,,,,,,,,72.2285513207096,,,,,70.6207487755446,,,,,,,,,,,,Social
19804339b_metr,,,,,,,,,,,,,,,,,,,,,,,,,,,,,,,,,,,,,,,,,,,,,,,,,,,,,,,,,,,,,,,,,,,,,37.8058991977933,,,,,46.5268846818668,,,,,,,,,,,,Social
28325350a_metr,,,,,,,,,,,,,,,,,,,,,,,,,,,,,,,,,,,,,,,,,,,,,,,,,,,,,,,,,,,,,,,,,,,,,2.08384,,,,2.382675,,,,,,,,,,,,,Natural
05626316a_metr,,,,,,,,,,,,,,,,,,,,,,,,,,,,,,,,,,,,,,,,,,,,,,,,,,,,,24.0,,,,,,,,,,,,,,,,,,,,,,,,,,,,,,,,,Natural
33188873b_metr,,,,,,,,,,,,,,,,,,,,,,,,,,,,,,,,,,,,,,,,,,,,,,,,,,,,,,,,,,,,,,,,,,,,,,,,,,,,,,,,,,,,,27.528910772583,Natural
